venue_name,venue_type,address,city,phone,website,fish,price_low,price_high,sides,hours,all_you_can_eat,takeout,tier,description,photo_url,menu_url,featured_this_week,editor_note,active
Abbyland Family Restaurant,restaurant,219 Plaza Dr,Curtiss,715-223-6666,http://www.abbylandtravelcenter.com/page/restaurant,cod,10,20,,Fri (call to confirm),FALSE,FALSE,free,,,,FALSE,[33 mi from Wausau; FISH FRY NOT CONFIRMED - call first; FISH SPECIES UNVERIFIED - defaulted to cod] [Truck-stop family restaurant at the Abbyland Travel Center. On the crowdsourced guide but the venue's own page advertises only all-day breakfast and general dining. Worth a call purely for the short distance.],FALSE
AKA Lakeside,bar,N8560 Hay Creek Rd,Willard,715-267-6432,,cod,10,20,,Fri (call to confirm),FALSE,FALSE,free,,,,FALSE,[57 mi from Wausau; NEEDS HOURS before activating; OUTSIDE THE 45-MILE RADIUS - editorial call] [On Rock Dam Lake. Reviews cite a Friday fry with cod. Confirmed still operating in the county EDC 2026 directory and the City of Greenwood dining list.],FALSE
Amy's Roadhouse,bar,W8916 Oak Ave,Shawano,,https://www.facebook.com/p/Amys-Roadhouse-100064637962329/,cod,10,20,,Fri (call to confirm),FALSE,FALSE,free,,,,FALSE,[57 mi from Wausau; NEEDS HOURS before activating; OUTSIDE THE 45-MILE RADIUS - editorial call; FISH SPECIES UNVERIFIED - defaulted to cod] [Country bar outside Shawano; 'nice Friday night fish fry' per directory and reviews. Phone not reliably sourced.],FALSE
Apple Valley Road Haus and Event Center,restaurant,415 W US Highway 10,Neillsville,715-743-4900,,cod,10,20,,Fri (call to confirm),FALSE,FALSE,free,,,,FALSE,[61 mi from Wausau; NEEDS HOURS before activating; OUTSIDE THE 45-MILE RADIUS - editorial call] [Deep-fried cod and a baked lemon-pepper option on the Friday fry. Also an event center. Phone confirmed against the Clark County EDC 2026 directory.],FALSE
B's Nest,bar,1404 W Main St,Merrill,715-722-1211,https://www.facebook.com/BsNestMerrill/,perch,10,20,,Fri 11AM-11PM,FALSE,FALSE,free,,,,FALSE,"Perch is the Friday headliner. [18 mi from Wausau] [Friday night PERCH fish fry specifically called out. Owner is a Lincoln County Tavern League director. Occupies the former DAT Bar location, so older DAT Bar references point here.]",TRUE
Bamboo Bar,bar,W5884 Cedar Court,Shawano,715-201-1158,,cod,10,20,,Fri (call to confirm),FALSE,FALSE,free,,,,FALSE,"[67 mi from Wausau; NEEDS HOURS before activating; OUTSIDE THE 45-MILE RADIUS - editorial call; FISH SPECIES UNVERIFIED - defaulted to cod] [The only bar directly ON Shawano Lake - reachable by boat, car, motorcycle or snowmobile. Friday fry with outdoor lakefront seating. Strong editorial hook.]",FALSE
Behind Barr's Bar & Grill,bar,N9302 County Road O,Greenwood,715-267-6733,,cod,10,20,,Fri (call to confirm),FALSE,FALSE,free,,,,FALSE,"[47 mi from Wausau; NEEDS HOURS before activating; OUTSIDE THE 45-MILE RADIUS - editorial call; FISH SPECIES UNVERIFIED - defaulted to cod] [Country bar outside Greenwood, cited for a 'famous Friday fish fry'. Phone per Clark County EDC 2026 (the fish fry guide's number looks stale).]",FALSE
Besse's On Clear Lake,supper_club,W6041 Northern Lights Cir,Tomahawk,715-453-2339,,cod,10,20,,Fri 5PM-9PM,FALSE,FALSE,free,,,,FALSE,"Northwoods supper club on Clear Lake, known equally for prime rib. [52 mi from Wausau; FISH SPECIES UNVERIFIED - defaulted to cod] [Northwoods supper club in the Heafford Junction area, on Clear Lake. Known for prime rib and fish fry. Closed Mon and Sun.]",TRUE
Bill's Bar,bar,N1594 State Hwy 64 E,Merrill,715-218-1038,https://www.facebook.com/billsbarpineriver/,cod,10,20,,Fri (call to confirm),FALSE,FALSE,free,,,,FALSE,[22 mi from Wausau; FISH FRY NOT CONFIRMED - call first; FISH SPECIES UNVERIFIED - defaulted to cod] [Country bar east of Merrill toward Pine River; owner is president of the Lincoln County Tavern League chapter. Serves food but no fry confirmed - needs a call.],FALSE
Billy Bob's Sports Bar & Grill,bar,N12025 County Hwy L,Tomahawk,715-453-4984,https://billybobssportsbarandgrill.com/,cod,10,20,,Fri 11AM-10PM,FALSE,FALSE,free,,,,FALSE,"Fish fry served all day Friday, north of town toward Lake Nokomis. [51 mi from Wausau; FISH SPECIES UNVERIFIED - defaulted to cod] [Tavern League member, explicitly listed with Friday fish fry served all day. North of Tomahawk toward Lake Nokomis.]",TRUE
Blazer's Bar & Grill,bar,N3189 County Rd SS,Tigerton,715-535-2001,https://www.facebook.com/profile.php?id=100035080946205,cod,10,20,,Fri (call to confirm),FALSE,FALSE,free,,,,FALSE,"[33 mi from Wausau; NEEDS HOURS before activating; FISH SPECIES UNVERIFIED - defaulted to cod] [Ranked #1 of 4 restaurants in Tigerton. Friday fish fry with homemade tartar, $10-20. CLOSEST SHAWANO VENUE TO WAUSAU - strongest editorial fit in this batch.]",FALSE
Blue Mirror Bar & Bowl,bar,211 S Main St,Greenwood,715-267-6175,,cod,10,20,,Fri (call to confirm),FALSE,FALSE,free,,,,FALSE,"[50 mi from Wausau; FISH FRY NOT CONFIRMED - call first; OUTSIDE THE 45-MILE RADIUS - editorial call; FISH SPECIES UNVERIFIED - defaulted to cod] [Bar and bowling alley, known locally for the Blue Mirror Burger. Phone conflict: city page 715-267-6175 vs county EDC 715-267-6359 - verify.]",FALSE
Bottoms Up Bar & Grill,bar,4096 County Rd A,Tomahawk,715-224-2480,,haddock,10,20,,Fri 11AM-11PM,TRUE,FALSE,free,,,,FALSE,"Fish fry buffet on Lake Alice - the 14-oz baked haddock is the signature. Patio and boat landing. [42 mi from Wausau] [On Lake Alice with patio and boat landing. Friday fish fry BUFFET; 14 oz baked haddock is the signature. Do not confuse with a same-named bar in Winter, WI. Detail sourced from wiscobars.com/bars/tomahawk/bottoms-up-bar-grill.]",TRUE
Brothers' Pub,bar,N5867 Lake Dr,Shawano,715-524-5212,https://www.facebook.com/brotherspub2015,cod,10,20,,Fri (call to confirm),FALSE,FALSE,free,,,,FALSE,[66 mi from Wausau; NEEDS HOURS before activating; OUTSIDE THE 45-MILE RADIUS - editorial call; FISH SPECIES UNVERIFIED - defaulted to cod] [Shawano Lake Drive pub; Friday fish fry listed in the Shawano Country chamber directory.],FALSE
Cal's Rock Dam Resort,bar,N8669 Butler Rd,Willard,715-267-6539,,cod,10,20,,Fri (call to confirm),FALSE,FALSE,free,,,,FALSE,[57 mi from Wausau; FISH FRY NOT CONFIRMED - call first; OUTSIDE THE 45-MILE RADIUS - editorial call; FISH SPECIES UNVERIFIED - defaulted to cod] [NAME CONFLICT - the City of Greenwood dining page lists this address as 'Ernie's Rock Dam Saloon' while the county EDC directory still says Cal's. Verify the current name before publishing.],FALSE
Castaways Bar & Grill,bar,1315 S Tomahawk Ave,Tomahawk,715-453-8686,,"perch, haddock",10,20,,Fri 11AM-close,FALSE,FALSE,free,,,,FALSE,"On the Wisconsin River - arrive by car, boat, ATV or snowmobile. Haddock and perch. [45 mi from Wausau] [Waterfront on the Wisconsin River. Traditional Friday fry, 3-piece haddock around $14; perch also offered. Arrivals by boat, ATV/UTV and snowmobile.]",TRUE
Chili Corners Bar & Grill,bar,W894 US Highway 10,Chili,715-683-2818,,cod,10,20,,Fri (call to confirm),FALSE,FALSE,free,,,,FALSE,"[51 mi from Wausau; NEEDS HOURS before activating; OUTSIDE THE 45-MILE RADIUS - editorial call; FISH SPECIES UNVERIFIED - defaulted to cod] [Also Chili Corners Club. Decades-old crossroads bar on Hwy 10; Friday fry is its signature, corroborated by Travel Wisconsin, Tripadvisor and Yelp.]",FALSE
Cindy's,bar,307 N Washington St,Thorp,715-669-5801,,cod,10,20,,Fri (call to confirm),FALSE,FALSE,free,,,,FALSE,"[58 mi from Wausau; FISH FRY NOT CONFIRMED - call first; OUTSIDE THE 45-MILE RADIUS - editorial call; FISH SPECIES UNVERIFIED - defaulted to cod] [Casual downtown bar. On the crowdsourced guide only; reviews mention beer and bartenders, not food.]",FALSE
Club X to C Golf Course and Restaurant,restaurant,W890 County Rd C,Gleason,715-536-1546,https://clubxtoc.com/,cod,10,20,,Fri 3PM-10PM,TRUE,FALSE,free,,,,FALSE,"All-you-can-eat Friday fry at the golf clubhouse - fried fish, shrimp and chicken, plus a baked option. [26 mi from Wausau; FISH SPECIES UNVERIFIED - defaulted to cod] [Golf clubhouse restaurant with an ALL-YOU-CAN-EAT Friday fish fry - fried fish, shrimp and chicken plus a baked option. Detail sourced from clubxtoc.com.]",TRUE
Coachlight Bar & Grill,bar,W5814 Lake Dr,Shawano,,,cod,10,20,,Fri (call to confirm),FALSE,FALSE,free,,,,FALSE,"[66 mi from Wausau; NEEDS HOURS before activating; OUTSIDE THE 45-MILE RADIUS - editorial call; FISH SPECIES UNVERIFIED - defaulted to cod] [Shawano Lake Drive bar, repeatedly named among the area's best Friday fries. Phone not reliably sourced.]",FALSE
Cotton Patch Supper Club,supper_club,W4890 Lake Dr,Shawano,715-745-2101,https://cottonpatchshawano.wixsite.com/cottonpatch,cod,10,20,,Thu-Sun 11AM-close,FALSE,FALSE,free,,,,FALSE,"[66 mi from Wausau; OUTSIDE THE 45-MILE RADIUS - editorial call; FISH SPECIES UNVERIFIED - defaulted to cod] [Own site advertises Friday Night fish fry selections, but YELP CARRIES A CLOSED FLAG - verify it is still trading. Ignore menupix's Texas-style menu, that is scraper contamination from a different Cotton Patch.]",FALSE
Dixon's Torchlite,restaurant,1276 E Green Bay St,Shawano,,,cod,10,20,,Fri (call to confirm),FALSE,FALSE,free,,,,FALSE,[61 mi from Wausau; NEEDS HOURS before activating; OUTSIDE THE 45-MILE RADIUS - editorial call; FISH SPECIES UNVERIFIED - defaulted to cod] [Italian-leaning supper-club style restaurant; Friday fry reported. Phone not reliably sourced - former domain expired.],FALSE
Dockers on the Corner,bar,N5846 Lake Dr,Shawano,,https://www.facebook.com/Dockersonthecorner/,haddock,10,20,,Fri (call to confirm),FALSE,FALSE,free,,,,FALSE,"[66 mi from Wausau; NEEDS HOURS before activating; OUTSIDE THE 45-MILE RADIUS - editorial call] [Occupies the former Spinning Wheel Inn building (sold 2021) - do NOT also list Spinning Wheel Inn, it is closed. ALL-YOU-CAN-EAT Friday fish fry, haddock signature. Phone blank: the listed 920-819-7644 is a reservation service, not a Shawano line.]",FALSE
Fannie's Supper Club & Motel,supper_club,W3741 US Highway 10,Neillsville,715-743-2169,https://www.fanniessupperclub.com/,walleye,10,20,,Tue-Sat from 4PM,FALSE,FALSE,free,,,,FALSE,"[56 mi from Wausau; OUTSIDE THE 45-MILE RADIUS - editorial call] [Classic supper club 5 mi east of Neillsville on Hwy 10, motel on the same property. Friday fry repeatedly cited; walleye named. Strong sponsor prospect.]",FALSE
Farm inn' on Main,restaurant,123 N Main St,Shawano,715-524-4916,https://www.farminnonmain.com/,cod,10,20,,Fri from 11AM,FALSE,FALSE,free,,,,FALSE,"[60 mi from Wausau; OUTSIDE THE 45-MILE RADIUS - editorial call; FISH SPECIES UNVERIFIED - defaulted to cod] [Fish fry every Friday from 11AM; 'pike-perch' lightly breaded on the flattop, baked or fried. Species left null because 'pike-perch' is ambiguous (commonly walleye) - confirm.]",FALSE
Finish Line Lounge,bar,200 N Washington St,Thorp,715-669-5677,,cod,10,20,,Fri (call to confirm),FALSE,FALSE,free,,,,FALSE,[58 mi from Wausau; FISH FRY NOT CONFIRMED - call first; OUTSIDE THE 45-MILE RADIUS - editorial call; FISH SPECIES UNVERIFIED - defaulted to cod] [On the crowdsourced guide only. Phone corrected per the county EDC 2026 directory - the guide's number is actually Mesquite Grill & Pub's.],FALSE
Frick Inn Bar & Grill,bar,W1880 US Highway 10,Granton,715-238-7400,,cod,10,20,,Fri (call to confirm),FALSE,FALSE,free,,,,FALSE,"[58 mi from Wausau; FISH FRY NOT CONFIRMED - call first; OUTSIDE THE 45-MILE RADIUS - editorial call; FISH SPECIES UNVERIFIED - defaulted to cod] [Small-town bar and grill on Hwy 10. On the crowdsourced guide and county EDC directory, but no fry source found.]",FALSE
Gehm's Club 117,bar,117 N Cecil St,Bonduel,715-758-2164,https://www.facebook.com/club117bonduel,"perch, bluegill",10,20,,Fri 11AM-9PM,FALSE,FALSE,free,,,,FALSE,[72 mi from Wausau; OUTSIDE THE 45-MILE RADIUS - editorial call] [Bluegill and lake perch both hand-breaded. Very busy Friday nights. Closed Mon-Tue.],FALSE
Gleason Bowling Center,restaurant,N4878 State Hwy 17,Gleason,715-873-4588,,"perch, walleye, shrimp",10,20,,Fri from 11AM,FALSE,FALSE,free,,,,FALSE,"Bowl a few frames while you wait - homemade soups and desserts round out the fry. [33 mi from Wausau] [Bowling center kitchen; Friday fry with perch, walleye and shrimp plus homemade soups and desserts. Merrill Chamber page has a phone typo (718 prefix); 715-873-4588 is correct.]",TRUE
Granton Inn,restaurant,100 W 1st St,Granton,715-238-7654,,cod,10,20,,Fri (call to confirm),FALSE,FALSE,free,,,,FALSE,[56 mi from Wausau; FISH FRY NOT CONFIRMED - call first; OUTSIDE THE 45-MILE RADIUS - editorial call; FISH SPECIES UNVERIFIED - defaulted to cod] [Formerly Mapleworks Cafe & Bar. Travel Wisconsin describes 'a wonderful selection of seafood' but names no Friday fry. Do not confuse with a closed Granton Inn in Michigan.],FALSE
Harlow's Supper Club,supper_club,120 E Green Bay St,Bonduel,715-758-2190,https://harlowssupperclub.wordpress.com/,haddock,10,20,,Fri 4PM-9PM,FALSE,FALSE,free,,,,FALSE,"[72 mi from Wausau; OUTSIDE THE 45-MILE RADIUS - editorial call] [FORMERLY ANTLERS SUPPER CLUB, rebranded at the same address and phone - list as Harlow's; Antlers shows CLOSED on Yelp. Deep-fried or broiled haddock with potato, coleslaw, rye. Closed Mon and Wed.]",FALSE
Hidden Valley Supper Club,supper_club,12704 County Rd M,Caroline,715-754-5995,https://www.facebook.com/p/Hidden-Valley-Supper-Club-100063704795630/,cod,10,20,,Fri (call to confirm),FALSE,FALSE,free,,,,FALSE,"[42 mi from Wausau; NEEDS HOURS before activating; FISH SPECIES UNVERIFIED - defaulted to cod] [Country-style Friday fish BUFFET (deep fried fish, potato wedges, chicken, soup and salad bar), around $15. Buffet not plated - note in sides/hours.]",FALSE
Hog Cabin Bar-B-Que,restaurant,N10005 State Highway 73,Greenwood,715-267-7557,,cod,10,20,,Fri (call to confirm),FALSE,FALSE,free,,,,FALSE,"[48 mi from Wausau; FISH FRY NOT CONFIRMED - call first; OUTSIDE THE 45-MILE RADIUS - editorial call; FISH SPECIES UNVERIFIED - defaulted to cod] [Barbecue house on Hwy 73. On the crowdsourced guide and the county EDC directory, but nothing else indicates a Friday fry.]",FALSE
Holly's Bar & Grill,bar,W5698 County Rd N,Tomahawk,715-453-8476,https://hollys.edan.io/,cod,10,20,,Fri 11AM-2:30AM,FALSE,FALSE,free,,,,FALSE,"Lake Nokomis country, a half mile from the Hwy N boat landing. [50 mi from Wausau; FISH SPECIES UNVERIFIED - defaulted to cod] [North of Tomahawk in the Lake Nokomis area, half a mile from the Hwy N boat landing. W-prefix fire number confirms the Lincoln County side.]",TRUE
Homer's Bar and Grill,bar,125 S Main St,Greenwood,715-267-3177,,cod,10,20,,Fri 1PM-11:30PM,FALSE,FALSE,free,,,,FALSE,"[50 mi from Wausau; FISH FRY NOT CONFIRMED - call first; OUTSIDE THE 45-MILE RADIUS - editorial call; FISH SPECIES UNVERIFIED - defaulted to cod] [CURRENT OPERATOR at the address the crowdsourced guide still lists as 'The Sawmill Saloon' (Travel Wisconsin's Sawmill URL now redirects here). BEWARE: a circulating 'broasted or baked cod or Canadian walleye' description for a Sawmill Saloon belongs to a different bar in Seeley, WI.]",FALSE
Humbird Hotel Bar & Grill,bar,N3041 King St,Humbird,715-964-1001,,cod,10,20,,Fri (call to confirm),FALSE,FALSE,free,,,,FALSE,"[82 mi from Wausau; NEEDS HOURS before activating; OUTSIDE THE 45-MILE RADIUS - editorial call; FISH SPECIES UNVERIFIED - defaulted to cod] [FAR OUT - ~82 miles, far southwest corner of the county. Travel Wisconsin names a Friday Night Fish Fry among nightly specials. Restored historic hotel with rooms.]",FALSE
Hungry Bear - Cafe & Catering,restaurant,120 W Green Bay St,Bonduel,715-758-2727,https://hungrybearbonduelwi.com/,"haddock, shrimp",10,20,,Fri 6:30AM-8PM,FALSE,FALSE,free,,,,FALSE,[72 mi from Wausau; OUTSIDE THE 45-MILE RADIUS - editorial call] [Cafe with a popular Friday night fish fry: breaded haddock plus scallop/shrimp combos. Takeout and reservations.],FALSE
Hurricane Dawn's,bar,W11057 County Rd D,Pella,715-754-5138,https://www.facebook.com/profile.php?id=100063576880806,cod,10,20,,Fri (call to confirm),FALSE,FALSE,free,,,,FALSE,[70 mi from Wausau; NEEDS HOURS before activating; OUTSIDE THE 45-MILE RADIUS - editorial call; FISH SPECIES UNVERIFIED - defaulted to cod] [Chamber directory lists Friday night fish fry and seafood dinners plus homemade pizzas. Pella is unincorporated.],FALSE
IGY'S Bar and Grill,bar,522 W Mill St,Withee,715-229-0132,,cod,10,20,,Fri 11AM-12AM,FALSE,FALSE,free,,,,FALSE,"[45 mi from Wausau; FISH FRY NOT CONFIRMED - call first; FISH SPECIES UNVERIFIED - defaulted to cod] [Successor at 522 W Mill St to the Hayloft Bar, which the crowdsourced guide flags as permanently closed - treat that Hayloft entry as dead. Fry listed but unconfirmed.]",FALSE
JD's Brickyard Pub & Grub,bar,203 W 7th St,Neillsville,715-743-6808,,cod,10,20,,Fri 11AM-2:30AM,FALSE,FALSE,free,,,,FALSE,"[60 mi from Wausau; FISH FRY NOT CONFIRMED - call first; OUTSIDE THE 45-MILE RADIUS - editorial call; FISH SPECIES UNVERIFIED - defaulted to cod] [Listed as known for fish fry alongside burgers, prime rib and tacos, but no source states a Friday fry specifically. Busy downtown Neillsville room.]",FALSE
Jeb's Bar & Grill,bar,N5640 State Hwy 107,Irma,715-409-2179,,cod,10,20,,Fri 3PM-2:30AM,FALSE,FALSE,free,,,,FALSE,Known for the fish fry and broasted chicken; smoked BBQ ribs too. [31 mi from Wausau; FISH SPECIES UNVERIFIED - defaulted to cod] [Covers the Irma gap. Known for its fish fry and broasted chicken. Closed Mon and Tue. Also smoked BBQ ribs.],TRUE
JJ's on Main,bar,207 W Main St,Bowler,715-793-4457,,cod,10,20,,Fri (call to confirm),FALSE,FALSE,free,,,,FALSE,[46 mi from Wausau; NEEDS HOURS before activating; OUTSIDE THE 45-MILE RADIUS - editorial call; FISH SPECIES UNVERIFIED - defaulted to cod] [Friday fish fry with a limited salad bar and fresh bread. Only confirmed fry in Bowler.],FALSE
Kassidy's Studio Lounge & Dining,supper_club,W7703 County Hwy MMM,Shawano,715-524-5883,https://kassidysstudio.com/,"perch, walleye, cod",10,20,,Fri (call to confirm),FALSE,FALSE,free,,,,FALSE,"[57 mi from Wausau; NEEDS HOURS before activating; OUTSIDE THE 45-MILE RADIUS - editorial call] [Classic supper club west of Shawano. Friday fry with cod, perch and deep-fried Canadian walleye; generous salad bar and homemade soups.]",FALSE
Kings & Queens Bar,bar,N3063 King St,Humbird,715-964-1401,https://kingsandqueensbarandgrill.com/,cod,10,20,,Fri (call to confirm),FALSE,FALSE,free,,,,FALSE,"[82 mi from Wausau; FISH FRY NOT CONFIRMED - call first; OUTSIDE THE 45-MILE RADIUS - editorial call; FISH SPECIES UNVERIFIED - defaulted to cod] [FAR OUT - ~82 miles, same far-southwest pocket as the Humbird Hotel. Has its own website. On the crowdsourced guide but no fry confirmed.]",FALSE
Long Branch Saloon,bar,W11218 Grunewald St,Gresham,,,cod,10,20,,Fri (call to confirm),FALSE,FALSE,free,,,,FALSE,"[50 mi from Wausau; FISH FRY NOT CONFIRMED - call first; OUTSIDE THE 45-MILE RADIUS - editorial call; FISH SPECIES UNVERIFIED - defaulted to cod] [Directory lists Friday fish fry, but the property appears on MULTIPLE CURRENT REAL-ESTATE LISTINGS as a turn-key tavern for sale - trading status uncertain. Two conflicting phones, both omitted. Verify before publishing.]",FALSE
Meadowview Golf Course & Restaurant,restaurant,800 W 3rd St,Owen,715-229-2355,https://meadowviewgolfcourse.net/,cod,10,20,,Fri 4:30PM-9PM,FALSE,FALSE,free,,,,FALSE,[49 mi from Wausau; OUTSIDE THE 45-MILE RADIUS - editorial call; FISH SPECIES UNVERIFIED - defaulted to cod] [9-hole public course; own site states the kitchen serves a Friday Fish Fry 4:30-9PM. CAVEAT WORTH PRINTING: if the course closes for weather the kitchen closes too - call ahead.],FALSE
Mesquite Grill & Pub,restaurant,205 W Hill St,Thorp,715-669-3999,https://mesquitegrillandpub.com/,"perch, walleye, bluegill, cod, shrimp",10,20,,Fri 4PM-10PM,FALSE,FALSE,free,,,,FALSE,"[58 mi from Wausau; OUTSIDE THE 45-MILE RADIUS - editorial call] [BEST-DOCUMENTED FRY IN THE COUNTY - own website publishes the Friday menu: Atlantic cod, walleye filet, beer-battered perch, bluegill and buttermilk shrimp, plus a salad bar.]",FALSE
Midway Bar & Grill,bar,602 Division St,Withee,715-229-4327,,cod,10,20,,Fri 10AM-2:30AM,FALSE,FALSE,free,,,,FALSE,"Friday fry with live music, karaoke, pool and darts. [45 mi from Wausau; FISH SPECIES UNVERIFIED - defaulted to cod] [Friday fry alongside live music, karaoke, pool and darts. Do not confuse with the unrelated Midway Bar & Restaurant near Butternut.]",TRUE
My Place at River's Edge,bar,W4011 County Rd A,Tomahawk,715-453-3769,https://www.myplaceatriversedge.com/,cod,10,20,,Fri 11AM-9PM,FALSE,FALSE,free,,,,FALSE,"[42 mi from Wausau; FISH FRY NOT CONFIRMED - call first; FISH SPECIES UNVERIFIED - defaulted to cod] [Bar and grill on Lake Alice with piers, gas service and boat launch. Extends Friday kitchen hours to 9PM but no fry confirmed - needs a call.]",FALSE
Neillsville Country Club,restaurant,603 E Division St,Neillsville,715-743-3780,,cod,10,20,,Fri (call to confirm),FALSE,FALSE,free,,,,FALSE,"[59 mi from Wausau; FISH FRY NOT CONFIRMED - call first; OUTSIDE THE 45-MILE RADIUS - editorial call; FISH SPECIES UNVERIFIED - defaulted to cod] [Public golf course clubhouse. Menu offers deep-fried or broiled fish with soup or salad and a potato, but the day of service is not published.]",FALSE
Nut-Zee's Bar & Resort,bar,N9831 County Rd B,Gleason,715-453-8546,,cod,10,20,,Fri 11AM-12AM,FALSE,FALSE,free,,,,FALSE,"Right on the ATV and snowmobile trails; the Friday fry comes with a salad bar. [40 mi from Wausau; FISH SPECIES UNVERIFIED - defaulted to cod] [Confirmed in the Town of Harrison, Lincoln County - covers the Harrison gap. On ATV and snowmobile trails. Friday fry with salad bar. Closed Tue and Wed.]",TRUE
One Shot Bar and Grill,bar,907 E 3rd St,Owen,715-773-8632,,cod,10,20,,Fri 10AM-1AM,FALSE,FALSE,free,,,,FALSE,"[49 mi from Wausau; OUTSIDE THE 45-MILE RADIUS - editorial call; FISH SPECIES UNVERIFIED - defaulted to cod] [Pool-hall bar and grill east of Owen; Friday fry called out in listings and reviews. Occupies the old Thirsty Squirrel address, so that guide entry is superseded.]",FALSE
Outboards Bar & Grill,restaurant,616 N 4th St,Tomahawk,715-224-3594,https://outboardsbarandgrill.com/,"walleye, cod, shrimp",10,20,,Fri 11AM-10PM,FALSE,FALSE,free,,,,FALSE,"Riverside and family-friendly; cod, walleye and shrimp, with gluten-free options. [45 mi from Wausau] [Family-friendly restaurant on the Wisconsin River. Own site lists the Friday fry as cod, walleye, shrimp and catch of the day, with gluten-free options.]",TRUE
Perla's Place Bar & Grill,bar,410 S Front St,Unity,715-316-0901,,cod,10,20,,Fri (call to confirm),FALSE,FALSE,free,,,,FALSE,[34 mi from Wausau; NEEDS HOURS before activating; FISH SPECIES UNVERIFIED - defaulted to cod] [On the Clark County side of Unity per the county EDC 2026 directory. Friday fish fry dinners cited in reviews.],FALSE
Pine Hills Golf Course & Clubhouse,restaurant,N9499 Pine Hills Drive,Gresham,715-787-3778,https://www.pinehillsgolf.net/,cod,10,20,,Fri (call to confirm),FALSE,FALSE,free,,,,FALSE,[52 mi from Wausau; NEEDS HOURS before activating; OUTSIDE THE 45-MILE RADIUS - editorial call; FISH SPECIES UNVERIFIED - defaulted to cod] [Chamber directory calls out a 'fabulous Friday night fish fry'. Only confirmed fry in Gresham.],FALSE
Pine Ridge Restaurant,restaurant,1302 N Center Ave,Merrill,715-536-3010,,cod,10,20,,Fri 5AM-10PM,FALSE,FALSE,free,,,,FALSE,"Family-style Friday fish - beer-battered or broiled, with broasted chicken, fry bread and coleslaw. [17 mi from Wausau; FISH SPECIES UNVERIFIED - defaulted to cod] [Hours are the full restaurant day, not the fry window; the Friday fry shows up in reviews rather than a posted menu. Worth one confirming call. Friday and Sunday family-style fish service: beer-battered or broiled fish with broasted chicken, fry bread, potatoes and coleslaw. Unrelated Pine Ridge in Stone Lake WI - do not merge. Detail sourced from yelp.com/biz/new-pine-ridge-restaurant-merrill-2.]",TRUE
Pine Tree Supper Club,supper_club,115 W Wisconsin Ave,Tomahawk,715-453-4235,https://www.facebook.com/pinetreetomahawk/,cod,10,20,,Fri 4PM-9PM,FALSE,FALSE,free,,,,FALSE,Classic downtown Tomahawk supper club - Friday fry with the full salad bar. [45 mi from Wausau; FISH SPECIES UNVERIFIED - defaulted to cod] [Classic downtown Tomahawk supper club; famed Friday fish fry with full salad bar. STRONGEST TOMAHAWK ANCHOR for the guide.],TRUE
Raven's Nest Tavern,bar,215 N Main St,Loyal,715-503-1035,,cod,10,20,,Fri (call to confirm),FALSE,FALSE,free,,,,FALSE,"[47 mi from Wausau; FISH FRY NOT CONFIRMED - call first; OUTSIDE THE 45-MILE RADIUS - editorial call; FISH SPECIES UNVERIFIED - defaulted to cod] [Newer Loyal tavern (opened ~2024) serving appetizers, burgers, wraps and pizza. A Tavern League listing shows a Friday Fish Fry amenity flag but could not be tied to this record with certainty.]",FALSE
Red Door Saloon,bar,130 N Main St,Loyal,715-255-8345,,cod,10,20,,Fri 11AM-2:30AM,FALSE,FALSE,free,,,,FALSE,"[47 mi from Wausau; FISH FRY NOT CONFIRMED - call first; OUTSIDE THE 45-MILE RADIUS - editorial call; FISH SPECIES UNVERIFIED - defaulted to cod] [On the crowdsourced guide and open late Fridays, but no source confirms a fry. One of three Main Street bars in Loyal worth a single round of calls.]",FALSE
Roadhouse Bar and Grill,bar,W880 State Highway 73,Granton,715-884-2554,,cod,10,20,,Fri 4PM-8PM,FALSE,FALSE,free,,,,FALSE,"[52 mi from Wausau; OUTSIDE THE 45-MILE RADIUS - editorial call] [MOST SPECIFIC FISH DESCRIPTION IN THE COUNTY: Atlantic cod loins hand-breaded in a house coating, deep fried, Fridays only 4-8PM. Also homemade pizza. Sometimes listed as R & C Roadhouse.]",FALSE
Rumors on Main,supper_club,144 N Main St,Loyal,715-255-9144,,cod,10,20,,Fri (call to confirm),FALSE,FALSE,free,,,,FALSE,[47 mi from Wausau; NEEDS HOURS before activating; OUTSIDE THE 45-MILE RADIUS - editorial call; FISH SPECIES UNVERIFIED - defaulted to cod] [Also trades as Rumour's Supperclub. Steakhouse-style menu; Friday fry described as crispy and fresh. Only confirmed fry in Loyal.],FALSE
Sander and Amy's Silver Dollar,bar,W8866 County Road N,Thorp,715-669-3241,,cod,10,20,,Fri 4:30PM-9PM,FALSE,FALSE,free,,,,FALSE,[56 mi from Wausau; OUTSIDE THE 45-MILE RADIUS - editorial call; FISH SPECIES UNVERIFIED - defaulted to cod] [Country roadhouse south of Thorp operating since the 1970s; broasted chicken plus a Friday fry. Closed Mon-Wed.],FALSE
Schmitty's On Main,restaurant,436 Hewett St,Neillsville,715-743-3750,,cod,10,20,,Fri 7AM-8PM,FALSE,FALSE,free,,,,FALSE,[60 mi from Wausau; OUTSIDE THE 45-MILE RADIUS - editorial call; FISH SPECIES UNVERIFIED - defaulted to cod] [Downtown breakfast-and-lunch cafe that stays open Friday evening for a fish fry.],FALSE
Shorthorns Bar & Grill,bar,127 W Wisconsin Ave,Tomahawk,715-453-2797,,walleye,10,20,,Fri 9AM-11PM,FALSE,FALSE,free,,,,FALSE,"A Main Street fixture since 1998 - walleye and hand-breaded fish sandwiches. [45 mi from Wausau] [Main Street Tomahawk bar and grill established 1998. Fish fry a standout, walleye and hand-breaded fish sandwiches. Detail sourced from restaurantji.com/wi/tomahawk/shorthorns-bar-and-grill-.]",TRUE
Speakeasy Saloon II,bar,W7652 US Highway 10,Neillsville,715-937-5379,,walleye,10,20,,Fri 3PM-12AM,FALSE,FALSE,free,,,,FALSE,"[64 mi from Wausau; FISH FRY NOT CONFIRMED - call first; OUTSIDE THE 45-MILE RADIUS - editorial call] [Menu carries a 'Swimming with the Fish' section - hand-dipped 2 or 3 piece fish dinners plus walleye - and reviews mention grilled fish on Fridays, but no dedicated Friday fry advertised.]",FALSE
Stars & Stripes Pub & Grub,bar,N11497 Short Rd,Tomahawk,715-453-6271,,cod,10,20,,Fri 11AM-12AM,FALSE,FALSE,free,,,,FALSE,Nokomis-trail stop - Friday fry plus broasted chicken and pizza. [50 mi from Wausau; FISH SPECIES UNVERIFIED - defaulted to cod] [Nokomis-area ATV/UTV club sponsor. Friday fry plus broasted chicken and pizza. N-prefix fire number places it in Lincoln County.],TRUE
Strike Time Restaurant & Lanes,restaurant,11 S Grand Ave,Neillsville,715-743-6600,,cod,10,20,,Fri 4PM-11PM,FALSE,FALSE,free,,,,FALSE,"[60 mi from Wausau; FISH FRY NOT CONFIRMED - call first; OUTSIDE THE 45-MILE RADIUS - editorial call; FISH SPECIES UNVERIFIED - defaulted to cod] [Bowling center with a full kitchen. Fish fry surfaces in review snippets but no source states it directly. Bowling centers are a reliable category, so worth the call.]",FALSE
SunUp Saloon,bar,205 N Washington St,Thorp,715-669-5484,,cod,10,20,,Fri (call to confirm),FALSE,FALSE,free,,,,FALSE,"[58 mi from Wausau; FISH FRY NOT CONFIRMED - call first; OUTSIDE THE 45-MILE RADIUS - editorial call; FISH SPECIES UNVERIFIED - defaulted to cod] [Downtown Thorp saloon, confirmed open in the county EDC 2026 directory. Fry claim rests only on the crowdsourced guide.]",FALSE
Sure-Wood Forest Bar & Grill,bar,W4276 Sandy Ln,Tomahawk,715-453-8844,,cod,10,20,,Fri 4PM-2:30AM,FALSE,FALSE,free,,,,FALSE,"Near Lake Alice, especially known for its Friday night fry. [41 mi from Wausau; FISH SPECIES UNVERIFIED - defaulted to cod] [Near Lake Alice, especially known for its Friday night fish fry. Owner is treasurer of the Lincoln County Tavern League chapter, which confirms the county.]",TRUE
The Beacon,restaurant,N1297 Fairview Rd,Merrill,715-536-4232,,cod,10,20,,Fri 10:30AM-10:30PM,FALSE,FALSE,free,,,,FALSE,"Family-owned rural Merrill bar and restaurant; the fry comes with well-loved German potato salad. [19 mi from Wausau; FISH SPECIES UNVERIFIED - defaulted to cod] [Rural Merrill on Fairview Road. Historic family-owned bar, restaurant and discount liquor store. Friday fry praised alongside German potato salad.]",TRUE
The Buck N' Doe Bar and Grill,bar,W2965 US Highway 10,Granton,715-238-7329,,cod,10,20,,Fri (call to confirm),FALSE,FALSE,free,,,,FALSE,"[54 mi from Wausau; FISH FRY NOT CONFIRMED - call first; OUTSIDE THE 45-MILE RADIUS - editorial call; FISH SPECIES UNVERIFIED - defaulted to cod] [Current operator at the address the crowdsourced guide also lists as 'Polzin's Pub N Grub' - same phone, so that entry is stale. Tavern League member. No fry source.]",FALSE
The Corner Bar,bar,W10430 County Rd M,Shawano,715-526-2994,,cod,10,20,,Fri 11AM-8:30PM,FALSE,FALSE,free,,,,FALSE,[58 mi from Wausau; OUTSIDE THE 45-MILE RADIUS - editorial call; FISH SPECIES UNVERIFIED - defaulted to cod] [Known locally as 'John's Corner Bar'. Strong local reputation for Friday fish fry and prime rib. Open Thu-Sat only.],FALSE
"The Garage Motel, Bar and Grill",bar,W9095 US Hwy 8 Business,Tomahawk,715-966-0383,,cod,10,20,,Fri 11AM-12AM,FALSE,FALSE,free,,,,FALSE,Cajun fish is the signature - and there's a motel attached if the evening runs long. [46 mi from Wausau; FISH SPECIES UNVERIFIED - defaulted to cod] [Bar and grill with attached motel. Friday fry called out repeatedly in reviews; Cajun fish is the signature. Closed Mon and Wed. NAME COLLISION: the guide already has a 'Garage' in Wausau - keep the full name.],TRUE
The Launching Pad,bar,221 Airport Rd,Shawano,715-524-4098,,"perch, walleye, cod",10,20,,Fri 11AM-9PM,FALSE,FALSE,free,,,,FALSE,[59 mi from Wausau; OUTSIDE THE 45-MILE RADIUS - editorial call] [Hand-breaded walleye and perch plus cod dinners; 'Poorman's Lobster' also offered. Closed Sundays.],FALSE
The Lumberyard Bar and Grill,bar,815 North St,Bonduel,715-853-7077,https://www.lumberyardbarandgrillbonduel.com/,"perch, walleye, bluegill",10,20,,Fri 11AM-2AM,FALSE,FALSE,free,,,,FALSE,"[72 mi from Wausau; OUTSIDE THE 45-MILE RADIUS - editorial call] [Pan-fried walleye, cornmeal-breaded bluegill, perch and poor man's lobster. Family-friendly with pool, darts, volleyball, arcade.]",FALSE
The New Hilltop Bar & Grill,bar,W2860 US Highway 10,Granton,715-238-7852,,cod,10,20,,Fri (call to confirm),FALSE,FALSE,free,,,,FALSE,"[54 mi from Wausau; NEEDS HOURS before activating; OUTSIDE THE 45-MILE RADIUS - editorial call; FISH SPECIES UNVERIFIED - defaulted to cod] [Appears variously as Hilltop Tavern, Hilltop Bar & Grill of Granton and Tommy's Hilltop; the county EDC 2026 directory calls it The New Hilltop Bar. Friday fry repeatedly praised.]",FALSE
The Office Bar & Grill,bar,219 Maple St,Granton,715-238-2030,,cod,10,20,,Fri (call to confirm),FALSE,FALSE,free,,,,FALSE,[56 mi from Wausau; FISH FRY NOT CONFIRMED - call first; OUTSIDE THE 45-MILE RADIUS - editorial call; FISH SPECIES UNVERIFIED - defaulted to cod] [Formerly Boone's Bar & Grill / The Hitchin Rail / Call of the Wild. On the crowdsourced guide only. NAME COLLISION: not the same as The Office Bar in Schofield.],FALSE
The Shal Bar & Grill,bar,W5714 Lake Dr,Shawano,715-524-4890,https://www.shawanolake.com/dining,walleye,10,20,,Fri from 4PM,FALSE,FALSE,free,,,,FALSE,[65 mi from Wausau; OUTSIDE THE 45-MILE RADIUS - editorial call] [Clubhouse bar/grill at Shawano Lake Golf Course. 'Friday Night Fish Specials' featuring pan-fried walleye.],FALSE
The Wildcat Supper Club,supper_club,W8270 County Road B,Neillsville,715-743-2762,,cod,10,20,,Fri 4PM-8PM,FALSE,FALSE,free,,,,FALSE,"[64 mi from Wausau; OUTSIDE THE 45-MILE RADIUS - editorial call; FISH SPECIES UNVERIFIED - defaulted to cod] [Formerly Wildcat Inn. Family-owned, meats smoked in-house. 'Friday Night Fish Fry' named across Travel Wisconsin, Yelp and Tripadvisor.]",FALSE
Thorpedo Family Restaurant,restaurant,102 W Hill St,Thorp,715-669-5515,,"walleye, cod, haddock",10,20,,Fri (call to confirm),FALSE,FALSE,free,,,,FALSE,"[58 mi from Wausau; NEEDS HOURS before activating; OUTSIDE THE 45-MILE RADIUS - editorial call] [Family restaurant on Hwy 73/Hill St. Friday fry described as cod, walleye and haddock. In the county EDC 2026 directory as Thorpedo Restaurant.]",FALSE
Tiger Creek Bar and Grill,bar,303 Cedar St,Tigerton,,https://www.facebook.com/p/Tiger-Creek-Bar-and-Grill-100092263186825/,cod,10,20,,Fri (call to confirm),FALSE,FALSE,free,,,,FALSE,"[34 mi from Wausau; FISH FRY NOT CONFIRMED - call first; FISH SPECIES UNVERIFIED - defaulted to cod] [Fish fry on an aggregator menu but no primary source. Close to Wausau, so a cheap confirmation call.]",FALSE
Time Flies Bar & Grill,bar,N14395 County Road E,Curtiss,715-223-6677,,cod,10,20,,Fri 3PM-11PM,FALSE,FALSE,free,,,,FALSE,"An easy Hwy 29 run west - the closest Clark County fry to Wausau. [33 mi from Wausau; FISH SPECIES UNVERIFIED - defaulted to cod] [CLOSEST CONFIRMED CLARK COUNTY FRY TO WAUSAU - easy Hwy 29 run. Friday fish fry specials named in listings. Supersedes the crowdsourced guide's 'Wild Life Bar & Grill' at N14375 County Rd E, which appears to be its predecessor.]",TRUE
Troy & Jenn's Hacienda,bar,W10011 E Burma Ave,Owen,715-678-2583,,cod,10,20,,Fri (call to confirm),FALSE,FALSE,free,,,,FALSE,"[51 mi from Wausau; FISH FRY NOT CONFIRMED - call first; OUTSIDE THE 45-MILE RADIUS - editorial call; FISH SPECIES UNVERIFIED - defaulted to cod] [Rural bar outside Owen, confirmed open in the county EDC 2026 directory. Fry claim rests only on the crowdsourced guide.]",FALSE
Washington Inn & Supper Club,supper_club,101 S Warrington St,Cecil,715-745-2900,,"perch, walleye, haddock",10,20,,Fri (call to confirm),FALSE,FALSE,free,,,,FALSE,"[68 mi from Wausau; NEEDS HOURS before activating; OUTSIDE THE 45-MILE RADIUS - editorial call] [Classic supper club overlooking Shawano Lake, open 7 nights. Friday fry: perch, walleye or haddock with potato, rye bread, soup and salad bar.]",FALSE
Winding Trail Grill & Bar,bar,N10002 County Rd B,Tomahawk,715-453-2337,https://www.windingtrailbar.com/grill/,cod,10,20,"Rye bread, coleslaw",Fri 11AM-12AM,FALSE,FALSE,free,,,,FALSE,ATV and snowmobile trailside east of Tomahawk. [42 mi from Wausau; FISH SPECIES UNVERIFIED - defaulted to cod] [ATV/snowmobile trailside east of Tomahawk toward Harrison/Bloomville. Friday fish fry listed among daily specials. Detail sourced from windingtrailbar.com/grill.],TRUE
Woodland Tap Room,bar,207 N Central Ave,Owen,715-229-0033,,cod,10,20,,Fri (call to confirm),FALSE,FALSE,free,,,,FALSE,"[49 mi from Wausau; FISH FRY NOT CONFIRMED - call first; OUTSIDE THE 45-MILE RADIUS - editorial call; FISH SPECIES UNVERIFIED - defaulted to cod] [Prohibition-era lower-level tavern in the restored Woodland Hotel. Yelp files it under Fish & Chips and it appears on the Clark guide, but no venue source confirms a Friday fry.]",FALSE
WT Silverado,bar,705 N 4th St,Tomahawk,715-453-5161,,"perch, walleye",10,20,,Fri 11AM-2AM,FALSE,FALSE,free,,,,FALSE,"In the heart of Tomahawk; regulars call the Friday fry the best in town. [45 mi from Wausau] [Bar and grill in the heart of Tomahawk, especially known for its Friday night fish fry. Detail sourced from wiscobars.com/bars/tomahawk/wt-silverado.]",TRUE
"Z's Fork Horners Restaurant, Bar & Grill",restaurant,N4297 County Rd X,Gleason,715-873-4538,https://www.forkhorners.com/,"perch, walleye, bluegill, cod, shrimp",10,20,,Fri 11AM-10PM,FALSE,FALSE,free,,,,FALSE,"The widest lineup in Lincoln County - cod, bluegill, perch, walleye and shrimp. [31 mi from Wausau] [WIDEST CONFIRMED SPECIES LIST IN THE COUNTY - own site lists cod, bluegill, perch, walleye and shrimp. Open 7 days at 11AM. Strong candidate, well inside the 45-mile line.]",TRUE
